"id_cell","x","y","Freq 1","Freq 2","Freq 3","Freq 4","Freq 5","Freq 6","Freq 7"
1,-74.245075543,40.91126753,0,0,0,0,0,0,0
2,-74.225075543,40.91126753,0,0,0,0,0,0,0
3,-74.205075543,40.91126753,0,0,0,0,0,0,0
4,-74.185075543,40.91126753,0,0,0,0,0,0,0
5,-74.165075543,40.91126753,0,0,0,0,0,0,0
6,-74.145075543,40.91126753,0,0,0,0,0,0,0
7,-74.125075543,40.91126753,0,0,0,0,0,0,0
8,-74.105075543,40.91126753,0,0,0,0,0,0,0
9,-74.085075543,40.91126753,0,0,0,0,0,0,0
10,-74.065075543,40.91126753,0,0,0,0,0,0,0
11,-74.045075543,40.91126753,0,0,0,0,0,0,0
12,-74.025075543,40.91126753,0,0,0,0,0,0,0
13,-74.005075543,40.91126753,0,0,0,0,0,0,0
14,-73.985075543,40.91126753,0,0,0,0,0,0,0
15,-73.965075543,40.91126753,0,0,0,0,0,0,0
16,-73.945075543,40.91126753,0,0,0,0,0,0,0
17,-73.925075543,40.91126753,0,0,0,0,0,0,0
18,-73.905075543,40.91126753,9,29,50,8,24,8,0
19,-73.885075543,40.91126753,0,0,0,0,0,0,0
20,-73.865075543,40.91126753,0,0,0,0,0,0,0
21,-73.845075543,40.91126753,11,13,24,20,8,3,0
22,-73.825075543,40.91126753,0,0,0,0,0,0,0
23,-73.805075543,40.91126753,0,0,0,0,0,0,0
24,-73.785075543,40.91126753,0,0,0,0,0,0,0
25,-73.765075543,40.91126753,0,0,0,0,0,0,0
26,-73.745075543,40.91126753,0,0,0,0,0,0,0
27,-73.725075543,40.91126753,0,0,0,0,0,0,0
28,-73.705075543,40.91126753,0,0,0,0,0,0,0
29,-74.245075543,40.89626753,0,0,0,0,0,0,0
30,-74.225075543,40.89626753,0,0,0,0,0,0,0
31,-74.205075543,40.89626753,0,0,0,0,0,0,0
32,-74.185075543,40.89626753,0,0,0,0,0,0,0
33,-74.165075543,40.89626753,0,0,0,0,0,0,0
34,-74.145075543,40.89626753,0,0,0,0,0,0,0
35,-74.125075543,40.89626753,0,0,0,0,0,0,0
36,-74.105075543,40.89626753,0,0,0,0,0,0,0
37,-74.085075543,40.89626753,0,0,0,0,0,0,0
38,-74.065075543,40.89626753,0,0,0,0,0,0,0
39,-74.045075543,40.89626753,0,0,0,0,0,0,0
40,-74.025075543,40.89626753,0,0,0,0,0,0,0
41,-74.005075543,40.89626753,0,0,0,0,0,0,0
42,-73.985075543,40.89626753,0,0,0,0,0,0,0
43,-73.965075543,40.89626753,0,0,0,0,0,0,0
44,-73.945075543,40.89626753,0,0,0,0,0,0,0
45,-73.925075543,40.89626753,0,2,5,0,0,0,0
46,-73.905075543,40.89626753,5,62,79,11,6,11,0
47,-73.885075543,40.89626753,0,5,13,4,1,1,0
48,-73.865075543,40.89626753,78,102,251,75,56,26,0
49,-73.845075543,40.89626753,56,107,177,80,60,35,0
50,-73.825075543,40.89626753,4,9,6,5,3,2,0
51,-73.805075543,40.89626753,0,0,0,0,0,0,0
52,-73.785075543,40.89626753,0,0,0,0,0,0,0
53,-73.765075543,40.89626753,0,0,0,0,0,0,0
54,-73.745075543,40.89626753,0,0,0,0,0,0,0
55,-73.725075543,40.89626753,0,0,0,0,0,0,0
56,-73.705075543,40.89626753,0,0,0,0,0,0,0
57,-74.245075543,40.88126753,0,0,0,0,0,0,0
58,-74.225075543,40.88126753,0,0,0,0,0,0,0
59,-74.205075543,40.88126753,0,0,0,0,0,0,0
60,-74.185075543,40.88126753,0,0,0,0,0,0,0
61,-74.165075543,40.88126753,0,0,0,0,0,0,0
62,-74.145075543,40.88126753,0,0,0,0,0,0,0
63,-74.125075543,40.88126753,0,0,0,0,0,0,0
64,-74.105075543,40.88126753,0,0,0,0,0,0,0
65,-74.085075543,40.88126753,0,0,0,0,0,0,0
66,-74.065075543,40.88126753,0,0,0,0,0,0,0
67,-74.045075543,40.88126753,0,0,0,0,0,0,0
68,-74.025075543,40.88126753,0,0,0,0,0,0,0
69,-74.005075543,40.88126753,0,0,0,0,0,0,0
70,-73.985075543,40.88126753,0,0,0,0,0,0,0
71,-73.965075543,40.88126753,0,0,0,0,0,0,0
72,-73.945075543,40.88126753,0,0,0,0,0,0,0
73,-73.925075543,40.88126753,4,34,42,0,4,3,0
74,-73.905075543,40.88126753,85,243,483,97,58,48,0
75,-73.885075543,40.88126753,130,173,331,133,67,47,0
76,-73.865075543,40.88126753,138,184,397,177,92,46,1
77,-73.845075543,40.88126753,82,139,254,170,71,42,0
78,-73.825075543,40.88126753,41,70,124,43,24,21,0
79,-73.805075543,40.88126753,0,0,0,0,0,0,0
80,-73.785075543,40.88126753,0,0,0,0,0,0,0
81,-73.765075543,40.88126753,0,0,0,0,0,0,0
82,-73.745075543,40.88126753,0,0,0,0,0,0,0
83,-73.725075543,40.88126753,0,0,0,0,0,0,0
84,-73.705075543,40.88126753,0,0,0,0,0,0,0
85,-74.245075543,40.86626753,0,0,0,0,0,0,0
86,-74.225075543,40.86626753,0,0,0,0,0,0,0
87,-74.205075543,40.86626753,0,0,0,0,0,0,0
88,-74.185075543,40.86626753,0,0,0,0,0,0,0
89,-74.165075543,40.86626753,0,0,0,0,0,0,0
90,-74.145075543,40.86626753,0,0,0,0,0,0,0
91,-74.125075543,40.86626753,0,0,0,0,0,0,0
92,-74.105075543,40.86626753,0,0,0,0,0,0,0
93,-74.085075543,40.86626753,0,0,0,0,0,0,0
94,-74.065075543,40.86626753,0,0,0,0,0,0,0
95,-74.045075543,40.86626753,0,0,0,0,0,0,0
96,-74.025075543,40.86626753,0,0,0,0,0,0,0
97,-74.005075543,40.86626753,0,0,0,0,0,0,0
98,-73.985075543,40.86626753,0,0,0,0,0,0,0
99,-73.965075543,40.86626753,0,0,0,0,0,0,0
100,-73.945075543,40.86626753,0,0,0,0,0,0,0
101,-73.925075543,40.86626753,112,256,431,182,75,34,2
102,-73.905075543,40.86626753,242,345,1116,276,127,50,0
103,-73.885075543,40.86626753,187,296,669,272,116,41,0
104,-73.865075543,40.86626753,134,157,345,134,68,37,0
105,-73.845075543,40.86626753,41,73,155,72,33,27,0
106,-73.825075543,40.86626753,24,150,478,29,8,23,0
107,-73.805075543,40.86626753,0,1,7,0,0,0,0
108,-73.785075543,40.86626753,0,0,0,0,0,0,0
109,-73.765075543,40.86626753,0,0,0,0,0,0,0
110,-73.745075543,40.86626753,0,0,0,0,0,0,0
111,-73.725075543,40.86626753,0,0,0,0,0,0,0
112,-73.705075543,40.86626753,0,0,0,0,0,0,0
113,-74.245075543,40.85126753,0,0,0,0,0,0,0
114,-74.225075543,40.85126753,0,0,0,0,0,0,0
115,-74.205075543,40.85126753,0,0,0,0,0,0,0
116,-74.185075543,40.85126753,0,0,0,0,0,0,0
117,-74.165075543,40.85126753,0,0,0,0,0,0,0
118,-74.145075543,40.85126753,0,0,0,0,0,0,0
119,-74.125075543,40.85126753,0,0,0,0,0,0,0
120,-74.105075543,40.85126753,0,0,0,0,0,0,0
121,-74.085075543,40.85126753,0,0,0,0,0,0,0
122,-74.065075543,40.85126753,0,0,0,0,0,0,0
123,-74.045075543,40.85126753,0,0,0,0,0,0,0
124,-74.025075543,40.85126753,0,0,0,0,0,0,0
125,-74.005075543,40.85126753,0,0,0,0,0,0,0
126,-73.985075543,40.85126753,0,0,0,0,0,0,0
127,-73.965075543,40.85126753,0,0,0,0,0,0,0
128,-73.945075543,40.85126753,51,142,292,55,21,17,0
129,-73.925075543,40.85126753,179,296,563,255,103,53,0
130,-73.905075543,40.85126753,355,380,833,459,190,77,0
131,-73.885075543,40.85126753,203,273,547,308,127,40,0
132,-73.865075543,40.85126753,73,146,251,82,68,42,0
133,-73.845075543,40.85126753,15,79,193,42,30,38,0
134,-73.825075543,40.85126753,22,64,100,16,18,26,0
135,-73.805075543,40.85126753,0,0,0,0,0,0,0
136,-73.785075543,40.85126753,0,9,12,5,5,0,0
137,-73.765075543,40.85126753,0,0,0,0,0,0,0
138,-73.745075543,40.85126753,0,0,0,0,0,0,0
139,-73.725075543,40.85126753,0,0,0,0,0,0,0
140,-73.705075543,40.85126753,0,0,0,0,0,0,0
141,-74.245075543,40.83626753,0,0,0,0,0,0,0
142,-74.225075543,40.83626753,0,0,0,0,0,0,0
143,-74.205075543,40.83626753,0,0,0,0,0,0,0
144,-74.185075543,40.83626753,0,0,0,0,0,0,0
145,-74.165075543,40.83626753,0,0,0,0,0,0,0
146,-74.145075543,40.83626753,0,0,0,0,0,0,0
147,-74.125075543,40.83626753,0,0,0,0,0,0,0
148,-74.105075543,40.83626753,0,0,0,0,0,0,0
149,-74.085075543,40.83626753,0,0,0,0,0,0,0
150,-74.065075543,40.83626753,0,0,0,0,0,0,0
151,-74.045075543,40.83626753,0,0,0,0,0,0,0
152,-74.025075543,40.83626753,0,0,0,0,0,0,0
153,-74.005075543,40.83626753,0,0,0,0,0,0,0
154,-73.985075543,40.83626753,0,0,0,0,0,0,0
155,-73.965075543,40.83626753,0,0,0,0,0,0,0
156,-73.945075543,40.83626753,145,270,671,197,56,29,0
157,-73.925075543,40.83626753,229,337,1047,323,97,56,2
158,-73.905075543,40.83626753,252,279,631,381,129,73,1
159,-73.885075543,40.83626753,220,213,610,249,115,43,0
160,-73.865075543,40.83626753,174,239,639,201,119,49,0
161,-73.845075543,40.83626753,81,130,330,74,66,45,0
162,-73.825075543,40.83626753,19,90,149,28,22,21,0
163,-73.805075543,40.83626753,0,0,0,0,0,1,0
164,-73.785075543,40.83626753,1,5,10,1,4,1,0
165,-73.765075543,40.83626753,0,0,0,0,0,0,0
166,-73.745075543,40.83626753,0,0,0,0,0,0,0
167,-73.725075543,40.83626753,0,0,0,0,0,0,0
168,-73.705075543,40.83626753,0,0,0,0,0,0,0
169,-74.245075543,40.82126753,0,0,0,0,0,0,0
170,-74.225075543,40.82126753,0,0,0,0,0,0,0
171,-74.205075543,40.82126753,0,0,0,0,0,0,0
172,-74.185075543,40.82126753,0,0,0,0,0,0,0
173,-74.165075543,40.82126753,0,0,0,0,0,0,0
174,-74.145075543,40.82126753,0,0,0,0,0,0,0
175,-74.125075543,40.82126753,0,0,0,0,0,0,0
176,-74.105075543,40.82126753,0,0,0,0,0,0,0
177,-74.085075543,40.82126753,0,0,0,0,0,0,0
178,-74.065075543,40.82126753,0,0,0,0,0,0,0
179,-74.045075543,40.82126753,0,0,0,0,0,0,0
180,-74.025075543,40.82126753,0,0,0,0,0,0,0
181,-74.005075543,40.82126753,0,0,0,0,0,0,0
182,-73.985075543,40.82126753,0,0,0,0,0,0,0
183,-73.965075543,40.82126753,34,83,160,42,30,9,0
184,-73.945075543,40.82126753,263,400,887,401,148,55,2
185,-73.925075543,40.82126753,243,442,837,335,110,41,1
186,-73.905075543,40.82126753,314,335,1035,414,186,75,1
187,-73.885075543,40.82126753,233,239,646,219,112,56,0
188,-73.865075543,40.82126753,129,162,512,152,73,48,0
189,-73.845075543,40.82126753,56,88,317,65,42,27,0
190,-73.825075543,40.82126753,28,49,98,43,22,16,0
191,-73.805075543,40.82126753,1,20,17,3,1,8,0
192,-73.785075543,40.82126753,0,0,0,0,0,0,0
193,-73.765075543,40.82126753,0,0,0,0,0,0,0
194,-73.745075543,40.82126753,0,0,0,0,0,0,0
195,-73.725075543,40.82126753,0,0,0,0,0,0,0
196,-73.705075543,40.82126753,0,0,0,0,0,0,0
197,-74.245075543,40.80626753,0,0,0,0,0,0,0
198,-74.225075543,40.80626753,0,0,0,0,0,0,0
199,-74.205075543,40.80626753,0,0,0,0,0,0,0
200,-74.185075543,40.80626753,0,0,0,0,0,0,0
201,-74.165075543,40.80626753,0,0,0,0,0,0,0
202,-74.145075543,40.80626753,0,0,0,0,0,0,0
203,-74.125075543,40.80626753,0,0,0,0,0,0,0
204,-74.105075543,40.80626753,0,0,0,0,0,0,0
205,-74.085075543,40.80626753,0,0,0,0,0,0,0
206,-74.065075543,40.80626753,0,0,0,0,0,0,0
207,-74.045075543,40.80626753,0,0,0,0,0,0,0
208,-74.025075543,40.80626753,0,0,0,0,0,0,0
209,-74.005075543,40.80626753,0,0,0,0,0,0,0
210,-73.985075543,40.80626753,0,0,0,0,0,0,0
211,-73.965075543,40.80626753,102,377,619,80,73,23,1
212,-73.945075543,40.80626753,362,612,1601,491,172,65,0
213,-73.925075543,40.80626753,179,253,559,315,92,28,0
214,-73.905075543,40.80626753,108,112,229,109,63,20,0
215,-73.885075543,40.80626753,9,35,76,27,17,20,0
216,-73.865075543,40.80626753,11,15,30,10,5,8,0
217,-73.845075543,40.80626753,3,13,20,7,2,3,0
218,-73.825075543,40.80626753,2,0,4,1,0,1,0
219,-73.805075543,40.80626753,1,0,3,0,2,1,0
220,-73.785075543,40.80626753,0,0,0,0,0,0,0
221,-73.765075543,40.80626753,0,0,0,0,0,0,0
222,-73.745075543,40.80626753,0,0,0,0,0,0,0
223,-73.725075543,40.80626753,0,0,0,0,0,0,0
224,-73.705075543,40.80626753,0,0,0,0,0,0,0
225,-74.245075543,40.79126753,0,0,0,0,0,0,0
226,-74.225075543,40.79126753,0,0,0,0,0,0,0
227,-74.205075543,40.79126753,0,0,0,0,0,0,0
228,-74.185075543,40.79126753,0,0,0,0,0,0,0
229,-74.165075543,40.79126753,0,0,0,0,0,0,0
230,-74.145075543,40.79126753,0,0,0,0,0,0,0
231,-74.125075543,40.79126753,0,0,0,0,0,0,0
232,-74.105075543,40.79126753,0,0,0,0,0,0,0
233,-74.085075543,40.79126753,0,0,0,0,0,0,0
234,-74.065075543,40.79126753,0,0,0,0,0,0,0
235,-74.045075543,40.79126753,0,0,0,0,0,0,0
236,-74.025075543,40.79126753,0,0,0,0,0,0,0
237,-74.005075543,40.79126753,0,0,0,0,0,0,0
238,-73.985075543,40.79126753,14,163,196,14,22,7,0
239,-73.965075543,40.79126753,95,475,765,112,94,22,0
240,-73.945075543,40.79126753,223,399,835,387,110,35,0
241,-73.925075543,40.79126753,24,119,316,53,10,6,0
242,-73.905075543,40.79126753,0,2,8,2,2,2,0
243,-73.885075543,40.79126753,0,5,13,446,0,0,0
244,-73.865075543,40.79126753,0,3,2,0,0,0,0
245,-73.845075543,40.79126753,16,40,67,18,17,12,0
246,-73.825075543,40.79126753,0,15,20,2,10,5,0
247,-73.805075543,40.79126753,6,41,40,9,13,8,0
248,-73.785075543,40.79126753,0,14,14,7,4,3,0
249,-73.765075543,40.79126753,0,0,0,0,0,0,0
250,-73.745075543,40.79126753,0,0,0,0,0,0,0
251,-73.725075543,40.79126753,0,0,0,0,0,0,0
252,-73.705075543,40.79126753,0,0,0,0,0,0,0
253,-74.245075543,40.77626753,0,0,0,0,0,0,0
254,-74.225075543,40.77626753,0,0,0,0,0,0,0
255,-74.205075543,40.77626753,0,0,0,0,0,0,0
256,-74.185075543,40.77626753,0,0,0,0,0,0,0
257,-74.165075543,40.77626753,0,0,0,0,0,0,0
258,-74.145075543,40.77626753,0,0,0,0,0,0,0
259,-74.125075543,40.77626753,0,0,0,0,0,0,0
260,-74.105075543,40.77626753,0,0,0,0,0,0,0
261,-74.085075543,40.77626753,0,0,0,0,0,0,0
262,-74.065075543,40.77626753,0,0,0,0,0,0,0
263,-74.045075543,40.77626753,0,0,0,0,0,0,0
264,-74.025075543,40.77626753,0,0,0,0,0,0,0
265,-74.005075543,40.77626753,0,0,0,0,0,0,0
266,-73.985075543,40.77626753,53,487,1092,57,42,23,0
267,-73.965075543,40.77626753,51,408,422,27,47,14,0
268,-73.945075543,40.77626753,30,409,704,64,94,27,0
269,-73.925075543,40.77626753,22,102,188,54,48,29,0
270,-73.905075543,40.77626753,20,127,213,35,37,35,0
271,-73.885075543,40.77626753,2,9,27,2,4,19,0
272,-73.865075543,40.77626753,1,1,1,0,2,0,0
273,-73.845075543,40.77626753,2,29,78,13,11,17,0
274,-73.825075543,40.77626753,12,69,165,12,30,11,0
275,-73.805075543,40.77626753,5,34,45,6,31,4,0
276,-73.785075543,40.77626753,6,51,55,7,16,9,0
277,-73.765075543,40.77626753,1,23,13,5,2,4,0
278,-73.745075543,40.77626753,0,16,7,5,9,3,0
279,-73.725075543,40.77626753,0,3,4,0,2,0,0
280,-73.705075543,40.77626753,0,0,0,0,0,0,0
281,-74.245075543,40.76126753,0,0,0,0,0,0,0
282,-74.225075543,40.76126753,0,0,0,0,0,0,0
283,-74.205075543,40.76126753,0,0,0,0,0,0,0
284,-74.185075543,40.76126753,0,0,0,0,0,0,0
285,-74.165075543,40.76126753,0,0,0,0,0,0,0
286,-74.145075543,40.76126753,0,0,0,0,0,0,0
287,-74.125075543,40.76126753,0,0,0,0,0,0,0
288,-74.105075543,40.76126753,0,0,0,0,0,0,0
289,-74.085075543,40.76126753,0,0,0,0,0,0,0
290,-74.065075543,40.76126753,0,0,0,0,0,0,0
291,-74.045075543,40.76126753,0,0,0,0,0,0,0
292,-74.025075543,40.76126753,0,0,0,0,0,0,0
293,-74.005075543,40.76126753,17,175,141,33,20,4,0
294,-73.985075543,40.76126753,247,2162,2486,236,271,32,0
295,-73.965075543,40.76126753,72,1148,1193,74,145,29,0
296,-73.945075543,40.76126753,44,118,190,72,37,25,0
297,-73.925075543,40.76126753,78,282,551,74,71,50,0
298,-73.905075543,40.76126753,33,121,254,62,45,30,0
299,-73.885075543,40.76126753,63,160,264,73,60,65,0
300,-73.865075543,40.76126753,98,111,187,117,71,42,0
301,-73.845075543,40.76126753,6,54,133,10,4,4,0
302,-73.825075543,40.76126753,92,392,932,131,100,35,1
303,-73.805075543,40.76126753,20,59,98,20,38,9,0
304,-73.785075543,40.76126753,9,68,62,15,27,11,0
305,-73.765075543,40.76126753,11,77,101,11,32,6,0
306,-73.745075543,40.76126753,3,41,83,2,8,5,0
307,-73.725075543,40.76126753,2,41,34,1,12,4,0
308,-73.705075543,40.76126753,0,5,1,1,3,0,0
309,-74.245075543,40.74626753,0,0,0,0,0,0,0
310,-74.225075543,40.74626753,0,0,0,0,0,0,0
311,-74.205075543,40.74626753,0,0,0,0,0,0,0
312,-74.185075543,40.74626753,0,0,0,0,0,0,0
313,-74.165075543,40.74626753,0,0,0,0,0,0,0
314,-74.145075543,40.74626753,0,0,0,0,0,0,0
315,-74.125075543,40.74626753,0,0,0,0,0,0,0
316,-74.105075543,40.74626753,0,0,0,0,0,0,0
317,-74.085075543,40.74626753,0,0,0,0,0,0,0
318,-74.065075543,40.74626753,0,0,0,0,0,0,0
319,-74.045075543,40.74626753,0,0,0,0,0,0,0
320,-74.025075543,40.74626753,0,0,0,0,0,0,0
321,-74.005075543,40.74626753,88,800,749,114,71,30,0
322,-73.985075543,40.74626753,178,2167,3468,188,283,24,0
323,-73.965075543,40.74626753,24,224,244,38,22,21,0
324,-73.945075543,40.74626753,24,127,188,35,31,33,0
325,-73.925075543,40.74626753,23,163,275,39,47,26,1
326,-73.905075543,40.74626753,60,192,332,65,49,52,1
327,-73.885075543,40.74626753,159,355,459,172,99,46,1
328,-73.865075543,40.74626753,211,268,388,196,152,48,1
329,-73.845075543,40.74626753,24,44,99,29,25,15,0
330,-73.825075543,40.74626753,39,131,274,27,38,34,0
331,-73.805075543,40.74626753,13,35,40,4,11,14,0
332,-73.785075543,40.74626753,5,72,148,15,28,12,0
333,-73.765075543,40.74626753,8,62,66,5,24,10,0
334,-73.745075543,40.74626753,4,38,47,5,12,6,0
335,-73.725075543,40.74626753,3,41,29,6,22,4,0
336,-73.705075543,40.74626753,6,46,29,9,21,10,0
337,-74.245075543,40.73126753,0,0,0,0,0,0,0
338,-74.225075543,40.73126753,0,0,0,0,0,0,0
339,-74.205075543,40.73126753,0,0,0,0,0,0,0
340,-74.185075543,40.73126753,0,0,0,0,0,0,0
341,-74.165075543,40.73126753,0,0,0,0,0,0,0
342,-74.145075543,40.73126753,0,0,0,0,0,0,0
343,-74.125075543,40.73126753,0,0,0,0,0,0,0
344,-74.105075543,40.73126753,0,0,0,0,0,0,0
345,-74.085075543,40.73126753,0,0,0,0,0,0,0
346,-74.065075543,40.73126753,0,0,0,0,0,0,0
347,-74.045075543,40.73126753,0,0,0,0,0,0,0
348,-74.025075543,40.73126753,0,0,0,0,0,0,0
349,-74.005075543,40.73126753,117,980,1180,96,113,43,0
350,-73.985075543,40.73126753,160,1456,2140,184,167,56,0
351,-73.965075543,40.73126753,8,88,93,28,15,6,0
352,-73.945075543,40.73126753,21,127,274,23,46,31,0
353,-73.925075543,40.73126753,6,31,28,8,11,11,0
354,-73.905075543,40.73126753,8,43,88,17,42,17,0
355,-73.885075543,40.73126753,20,104,229,16,68,30,0
356,-73.865075543,40.73126753,46,341,1211,57,42,31,0
357,-73.845075543,40.73126753,13,69,137,12,16,20,0
358,-73.825075543,40.73126753,12,49,89,12,23,16,0
359,-73.805075543,40.73126753,35,97,160,33,35,29,0
360,-73.785075543,40.73126753,8,74,97,6,26,17,1
361,-73.765075543,40.73126753,5,36,38,5,12,8,0
362,-73.745075543,40.73126753,19,57,75,11,19,11,0
363,-73.725075543,40.73126753,6,67,52,28,23,12,0
364,-73.705075543,40.73126753,2,13,19,6,5,2,0
365,-74.245075543,40.71626753,0,0,0,0,0,0,0
366,-74.225075543,40.71626753,0,0,0,0,0,0,0
367,-74.205075543,40.71626753,0,0,0,0,0,0,0
368,-74.185075543,40.71626753,0,0,0,0,0,0,0
369,-74.165075543,40.71626753,0,0,0,0,0,0,0
370,-74.145075543,40.71626753,0,0,0,0,0,0,0
371,-74.125075543,40.71626753,0,0,0,0,0,0,0
372,-74.105075543,40.71626753,0,0,0,0,0,0,0
373,-74.085075543,40.71626753,0,0,0,0,0,0,0
374,-74.065075543,40.71626753,0,0,0,0,0,0,0
375,-74.045075543,40.71626753,0,0,0,0,0,0,0
376,-74.025075543,40.71626753,0,53,68,3,2,8,0
377,-74.005075543,40.71626753,93,836,1790,117,125,21,0
378,-73.985075543,40.71626753,201,744,1091,232,88,44,2
379,-73.965075543,40.71626753,65,305,429,62,85,34,0
380,-73.945075543,40.71626753,77,331,470,95,127,58,0
381,-73.925075543,40.71626753,7,41,56,5,32,9,0
382,-73.905075543,40.71626753,22,68,113,33,47,27,0
383,-73.885075543,40.71626753,9,44,105,23,24,20,0
384,-73.865075543,40.71626753,9,63,118,15,21,16,0
385,-73.845075543,40.71626753,16,134,235,13,31,16,0
386,-73.825075543,40.71626753,19,91,105,31,27,28,0
387,-73.805075543,40.71626753,49,73,140,20,42,14,0
388,-73.785075543,40.71626753,81,99,131,41,29,19,0
389,-73.765075543,40.71626753,53,74,86,45,38,27,0
390,-73.745075543,40.71626753,33,65,105,36,36,13,0
391,-73.725075543,40.71626753,5,19,38,15,7,10,0
392,-73.705075543,40.71626753,0,0,0,0,0,0,0
393,-74.245075543,40.70126753,0,0,0,0,0,0,0
394,-74.225075543,40.70126753,0,0,0,0,0,0,0
395,-74.205075543,40.70126753,0,0,0,0,0,0,0
396,-74.185075543,40.70126753,0,0,0,0,0,0,0
397,-74.165075543,40.70126753,0,0,0,0,0,0,0
398,-74.145075543,40.70126753,0,0,0,0,0,0,0
399,-74.125075543,40.70126753,0,0,0,0,0,0,0
400,-74.105075543,40.70126753,0,0,0,0,0,0,0
401,-74.085075543,40.70126753,0,0,0,0,0,0,0
402,-74.065075543,40.70126753,0,0,0,0,0,0,0
403,-74.045075543,40.70126753,0,0,0,0,0,0,0
404,-74.025075543,40.70126753,0,8,27,4,2,1,0
405,-74.005075543,40.70126753,20,295,409,25,27,15,0
406,-73.985075543,40.70126753,51,196,342,96,22,17,0
407,-73.965075543,40.70126753,47,140,266,70,40,29,0
408,-73.945075543,40.70126753,222,390,915,253,184,51,1
409,-73.925075543,40.70126753,178,289,583,161,205,67,1
410,-73.905075543,40.70126753,156,287,548,123,151,51,0
411,-73.885075543,40.70126753,18,52,88,30,18,20,0
412,-73.865075543,40.70126753,8,38,66,11,10,20,0
413,-73.845075543,40.70126753,29,58,109,41,26,27,0
414,-73.825075543,40.70126753,43,89,236,81,56,38,0
415,-73.805075543,40.70126753,181,222,488,155,54,34,0
416,-73.785075543,40.70126753,91,126,238,120,67,30,0
417,-73.765075543,40.70126753,20,31,65,69,36,5,0
418,-73.745075543,40.70126753,44,68,130,63,50,20,0
419,-73.725075543,40.70126753,6,18,15,10,14,6,0
420,-73.705075543,40.70126753,0,0,0,0,0,0,0
421,-74.245075543,40.68626753,0,0,0,0,0,0,0
422,-74.225075543,40.68626753,0,0,0,0,0,0,0
423,-74.205075543,40.68626753,0,0,0,0,0,0,0
424,-74.185075543,40.68626753,0,0,0,0,0,0,0
425,-74.165075543,40.68626753,0,0,0,0,0,0,0
426,-74.145075543,40.68626753,0,0,0,0,0,0,0
427,-74.125075543,40.68626753,0,0,0,0,0,0,0
428,-74.105075543,40.68626753,0,0,0,0,0,0,0
429,-74.085075543,40.68626753,0,0,0,0,0,0,0
430,-74.065075543,40.68626753,0,0,0,0,0,0,0
431,-74.045075543,40.68626753,0,0,0,0,0,0,0
432,-74.025075543,40.68626753,0,0,0,0,0,0,0
433,-74.005075543,40.68626753,17,78,156,16,28,17,1
434,-73.985075543,40.68626753,161,645,1936,148,110,33,0
435,-73.965075543,40.68626753,134,366,759,146,138,80,1
436,-73.945075543,40.68626753,225,328,727,241,255,61,2
437,-73.925075543,40.68626753,195,333,639,263,181,66,4
438,-73.905075543,40.68626753,102,119,262,91,112,36,0
439,-73.885075543,40.68626753,55,88,157,87,44,28,0
440,-73.865075543,40.68626753,98,136,413,124,52,55,1
441,-73.845075543,40.68626753,57,131,344,68,60,48,1
442,-73.825075543,40.68626753,90,127,226,115,78,31,0
443,-73.805075543,40.68626753,63,92,126,92,51,41,0
444,-73.785075543,40.68626753,50,178,333,158,61,34,0
445,-73.765075543,40.68626753,25,49,149,44,31,11,0
446,-73.745075543,40.68626753,19,60,92,43,28,18,0
447,-73.725075543,40.68626753,3,17,20,5,20,8,0
448,-73.705075543,40.68626753,0,0,0,0,0,0,0
449,-74.245075543,40.67126753,0,0,0,0,0,0,0
450,-74.225075543,40.67126753,0,0,0,0,0,0,0
451,-74.205075543,40.67126753,0,0,0,0,0,0,0
452,-74.185075543,40.67126753,0,0,0,0,0,0,0
453,-74.165075543,40.67126753,0,0,0,0,0,0,0
454,-74.145075543,40.67126753,0,0,0,0,0,0,0
455,-74.125075543,40.67126753,0,0,0,0,0,0,0
456,-74.105075543,40.67126753,0,0,0,0,0,0,0
457,-74.085075543,40.67126753,0,0,0,0,0,0,0
458,-74.065075543,40.67126753,0,0,0,0,0,0,0
459,-74.045075543,40.67126753,0,0,0,0,0,0,0
460,-74.025075543,40.67126753,1,2,6,0,0,1,0
461,-74.005075543,40.67126753,26,95,170,43,33,11,1
462,-73.985075543,40.67126753,54,231,468,32,80,37,0
463,-73.965075543,40.67126753,84,239,416,87,55,32,0
464,-73.945075543,40.67126753,181,287,610,246,136,62,0
465,-73.925075543,40.67126753,228,261,646,319,155,57,0
466,-73.905075543,40.67126753,206,228,470,355,92,56,0
467,-73.885075543,40.67126753,166,235,414,283,123,57,1
468,-73.865075543,40.67126753,146,192,306,196,77,47,0
469,-73.845075543,40.67126753,19,81,125,21,34,27,0
470,-73.825075543,40.67126753,26,110,193,34,25,20,0
471,-73.805075543,40.67126753,40,75,102,50,38,26,0
472,-73.785075543,40.67126753,32,76,164,60,17,13,0
473,-73.765075543,40.67126753,40,74,102,61,37,23,0
474,-73.745075543,40.67126753,28,46,83,41,31,23,0
475,-73.725075543,40.67126753,9,18,46,7,10,4,0
476,-73.705075543,40.67126753,0,0,0,0,0,0,0
477,-74.245075543,40.65626753,0,0,0,0,0,0,0
478,-74.225075543,40.65626753,0,0,0,0,0,0,0
479,-74.205075543,40.65626753,0,0,0,0,0,0,0
480,-74.185075543,40.65626753,0,0,0,0,0,0,0
481,-74.165075543,40.65626753,0,0,0,0,0,0,0
482,-74.145075543,40.65626753,0,0,0,0,0,0,0
483,-74.125075543,40.65626753,0,0,0,0,0,0,0
484,-74.105075543,40.65626753,0,0,0,0,0,0,0
485,-74.085075543,40.65626753,0,0,0,0,0,0,0
486,-74.065075543,40.65626753,0,0,0,0,0,0,0
487,-74.045075543,40.65626753,0,0,0,0,0,0,0
488,-74.025075543,40.65626753,1,8,12,2,1,1,0
489,-74.005075543,40.65626753,42,85,177,52,32,20,0
490,-73.985075543,40.65626753,11,73,138,21,26,26,0
491,-73.965075543,40.65626753,100,212,419,129,66,26,1
492,-73.945075543,40.65626753,141,263,494,254,114,36,0
493,-73.925075543,40.65626753,158,204,423,291,110,55,0
494,-73.905075543,40.65626753,121,136,257,224,47,30,1
495,-73.885075543,40.65626753,120,139,279,160,49,45,0
496,-73.865075543,40.65626753,15,166,593,13,9,7,0
497,-73.845075543,40.65626753,13,41,53,5,19,8,0
498,-73.825075543,40.65626753,1,15,8,3,5,4,0
499,-73.805075543,40.65626753,0,0,0,0,1,0,0
500,-73.785075543,40.65626753,1,1,3,3,0,1,0
501,-73.765075543,40.65626753,9,27,44,13,23,16,0
502,-73.745075543,40.65626753,14,34,49,33,24,25,0
503,-73.725075543,40.65626753,14,24,24,21,14,12,0
504,-73.705075543,40.65626753,0,0,0,0,0,0,0
505,-74.245075543,40.64126753,0,0,0,0,0,0,0
506,-74.225075543,40.64126753,0,0,0,0,0,0,0
507,-74.205075543,40.64126753,0,0,0,0,0,0,0
508,-74.185075543,40.64126753,0,0,0,0,0,0,0
509,-74.165075543,40.64126753,10,14,37,27,10,6,0
510,-74.145075543,40.64126753,25,22,28,29,8,6,0
511,-74.125075543,40.64126753,43,31,86,54,32,17,0
512,-74.105075543,40.64126753,2,30,72,17,12,6,0
513,-74.085075543,40.64126753,77,91,286,116,40,23,0
514,-74.065075543,40.64126753,0,0,1,0,0,0,0
515,-74.045075543,40.64126753,1,7,9,1,1,5,0
516,-74.025075543,40.64126753,52,113,267,76,27,44,1
517,-74.005075543,40.64126753,131,227,428,148,93,48,0
518,-73.985075543,40.64126753,49,115,263,51,55,24,0
519,-73.965075543,40.64126753,106,224,458,121,73,43,0
520,-73.945075543,40.64126753,149,195,301,167,85,29,0
521,-73.925075543,40.64126753,54,110,178,86,46,35,0
522,-73.905075543,40.64126753,67,169,213,126,39,30,0
523,-73.885075543,40.64126753,38,72,126,56,30,36,0
524,-73.865075543,40.64126753,0,0,0,0,0,0,0
525,-73.845075543,40.64126753,0,0,0,1,0,1,0
526,-73.825075543,40.64126753,0,0,0,0,0,0,0
527,-73.805075543,40.64126753,0,0,0,0,0,0,0
528,-73.785075543,40.64126753,0,0,2,0,0,0,0
529,-73.765075543,40.64126753,0,0,0,0,0,0,0
530,-73.745075543,40.64126753,0,2,9,1,1,2,0
531,-73.725075543,40.64126753,0,0,0,0,0,0,0
532,-73.705075543,40.64126753,0,0,0,0,0,0,0
533,-74.245075543,40.62626753,0,0,0,0,0,0,0
534,-74.225075543,40.62626753,0,0,0,0,0,0,0
535,-74.205075543,40.62626753,0,0,0,0,0,0,0
536,-74.185075543,40.62626753,0,2,18,0,0,0,0
537,-74.165075543,40.62626753,13,49,125,26,11,7,0
538,-74.145075543,40.62626753,17,51,330,38,33,8,0
539,-74.125075543,40.62626753,18,34,120,11,23,5,0
540,-74.105075543,40.62626753,4,24,77,5,15,5,0
541,-74.085075543,40.62626753,43,54,153,47,36,14,0
542,-74.065075543,40.62626753,9,7,22,6,8,1,0
543,-74.045075543,40.62626753,6,23,48,2,10,6,0
544,-74.025075543,40.62626753,31,147,413,52,57,30,0
545,-74.005075543,40.62626753,66,124,267,59,46,39,0
546,-73.985075543,40.62626753,13,124,236,26,35,14,0
547,-73.965075543,40.62626753,32,135,206,37,42,23,0
548,-73.945075543,40.62626753,62,208,513,58,45,24,0
549,-73.925075543,40.62626753,46,173,236,41,40,24,1
550,-73.905075543,40.62626753,21,69,64,30,18,17,0
551,-73.885075543,40.62626753,12,15,44,13,9,6,0
552,-73.865075543,40.62626753,0,0,0,0,0,0,0
553,-73.845075543,40.62626753,0,0,0,0,0,0,0
554,-73.825075543,40.62626753,0,0,0,0,0,0,0
555,-73.805075543,40.62626753,0,0,0,0,0,0,0
556,-73.785075543,40.62626753,0,0,0,0,0,0,0
557,-73.765075543,40.62626753,0,0,0,0,0,0,0
558,-73.745075543,40.62626753,0,0,0,0,0,0,0
559,-73.725075543,40.62626753,0,0,0,0,0,0,0
560,-73.705075543,40.62626753,0,0,0,0,0,0,0
561,-74.245075543,40.61126753,0,0,0,0,0,0,0
562,-74.225075543,40.61126753,0,0,0,0,0,0,0
563,-74.205075543,40.61126753,0,0,0,0,0,0,0
564,-74.185075543,40.61126753,0,7,4,0,2,0,0
565,-74.165075543,40.61126753,4,26,57,12,8,10,0
566,-74.145075543,40.61126753,3,24,31,3,6,2,0
567,-74.125075543,40.61126753,5,39,77,10,13,6,0
568,-74.105075543,40.61126753,9,13,37,3,3,5,0
569,-74.085075543,40.61126753,17,44,143,48,14,9,0
570,-74.065075543,40.61126753,8,21,76,11,7,19,0
571,-74.045075543,40.61126753,0,14,22,1,6,0,0
572,-74.025075543,40.61126753,6,50,100,15,16,15,0
573,-74.005075543,40.61126753,46,108,268,54,45,30,0
574,-73.985075543,40.61126753,44,138,226,62,46,28,0
575,-73.965075543,40.61126753,40,176,319,51,60,27,0
576,-73.945075543,40.61126753,18,83,140,21,40,19,0
577,-73.925075543,40.61126753,27,173,445,17,26,14,0
578,-73.905075543,40.61126753,5,42,59,4,3,3,0
579,-73.885075543,40.61126753,0,0,0,0,0,0,0
580,-73.865075543,40.61126753,0,0,0,0,0,0,0
581,-73.845075543,40.61126753,0,0,0,0,0,0,0
582,-73.825075543,40.61126753,1,10,9,1,4,0,0
583,-73.805075543,40.61126753,0,0,0,0,0,0,0
584,-73.785075543,40.61126753,0,0,0,0,0,0,0
585,-73.765075543,40.61126753,14,23,59,33,33,9,0
586,-73.745075543,40.61126753,28,39,93,36,24,10,0
587,-73.725075543,40.61126753,0,0,0,0,0,0,0
588,-73.705075543,40.61126753,0,0,0,0,0,0,0
589,-74.245075543,40.59626753,0,0,0,0,0,0,0
590,-74.225075543,40.59626753,0,0,0,0,0,0,0
591,-74.205075543,40.59626753,0,0,0,0,0,0,0
592,-74.185075543,40.59626753,1,15,36,6,0,3,0
593,-74.165075543,40.59626753,0,22,46,4,11,3,0
594,-74.145075543,40.59626753,3,9,12,1,4,1,0
595,-74.125075543,40.59626753,1,10,17,3,8,2,0
596,-74.105075543,40.59626753,3,15,26,0,4,5,0
597,-74.085075543,40.59626753,16,38,104,14,21,17,0
598,-74.065075543,40.59626753,6,21,30,15,3,10,0
599,-74.045075543,40.59626753,0,0,0,0,0,0,0
600,-74.025075543,40.59626753,0,0,1,0,0,0,0
601,-74.005075543,40.59626753,18,77,221,22,17,19,0
602,-73.985075543,40.59626753,46,119,273,88,53,21,0
603,-73.965075543,40.59626753,28,131,186,28,34,30,0
604,-73.945075543,40.59626753,53,129,311,61,45,18,0
605,-73.925075543,40.59626753,3,17,25,4,6,9,0
606,-73.905075543,40.59626753,0,4,17,0,1,0,0
607,-73.885075543,40.59626753,0,0,0,0,0,0,0
608,-73.865075543,40.59626753,0,0,0,0,0,0,0
609,-73.845075543,40.59626753,0,0,0,0,0,0,0
610,-73.825075543,40.59626753,1,4,5,2,1,0,0
611,-73.805075543,40.59626753,21,33,93,35,13,4,0
612,-73.785075543,40.59626753,31,45,58,97,30,4,0
613,-73.765075543,40.59626753,44,55,112,91,39,9,0
614,-73.745075543,40.59626753,41,74,186,71,25,21,0
615,-73.725075543,40.59626753,0,0,0,0,0,0,0
616,-73.705075543,40.59626753,0,0,0,0,0,0,0
617,-74.245075543,40.58126753,0,0,0,0,0,0,0
618,-74.225075543,40.58126753,0,0,0,0,0,0,0
619,-74.205075543,40.58126753,0,0,1,0,0,0,0
620,-74.185075543,40.58126753,0,7,10,0,0,1,0
621,-74.165075543,40.58126753,12,82,413,18,6,2,0
622,-74.145075543,40.58126753,1,9,10,2,1,0,0
623,-74.125075543,40.58126753,2,4,13,4,2,0,0
624,-74.105075543,40.58126753,10,42,75,18,18,8,0
625,-74.085075543,40.58126753,7,22,44,14,13,3,0
626,-74.065075543,40.58126753,0,0,0,0,0,0,0
627,-74.045075543,40.58126753,0,0,0,0,0,0,0
628,-74.025075543,40.58126753,0,0,0,0,0,0,0
629,-74.005075543,40.58126753,27,29,103,42,13,4,0
630,-73.985075543,40.58126753,64,152,371,105,26,22,0
631,-73.965075543,40.58126753,43,155,324,69,58,24,0
632,-73.945075543,40.58126753,9,88,142,32,35,13,0
633,-73.925075543,40.58126753,6,37,28,6,11,8,0
634,-73.905075543,40.58126753,0,0,0,0,0,0,0
635,-73.885075543,40.58126753,0,0,0,0,0,0,0
636,-73.865075543,40.58126753,0,4,6,0,0,0,0
637,-73.845075543,40.58126753,7,36,63,21,12,4,0
638,-73.825075543,40.58126753,12,48,102,33,17,4,0
639,-73.805075543,40.58126753,8,26,64,13,3,3,0
640,-73.785075543,40.58126753,0,1,0,0,0,0,0
641,-73.765075543,40.58126753,0,0,0,0,0,0,0
642,-73.745075543,40.58126753,0,0,0,0,0,0,0
643,-73.725075543,40.58126753,0,0,0,0,0,0,0
644,-73.705075543,40.58126753,0,0,0,0,0,0,0
645,-74.245075543,40.56626753,0,0,0,0,0,0,0
646,-74.225075543,40.56626753,0,0,0,0,0,0,0
647,-74.205075543,40.56626753,1,1,1,0,1,0,0
648,-74.185075543,40.56626753,0,5,17,3,1,1,0
649,-74.165075543,40.56626753,2,11,33,2,2,0,0
650,-74.145075543,40.56626753,1,7,14,3,4,0,0
651,-74.125075543,40.56626753,3,19,37,12,13,2,0
652,-74.105075543,40.56626753,11,31,154,10,12,7,0
653,-74.085075543,40.56626753,1,5,3,2,3,1,0
654,-74.065075543,40.56626753,0,0,0,0,0,0,0
655,-74.045075543,40.56626753,0,0,0,0,0,0,0
656,-74.025075543,40.56626753,0,0,0,0,0,0,0
657,-74.005075543,40.56626753,5,4,14,3,2,2,0
658,-73.985075543,40.56626753,1,5,19,12,0,0,0
659,-73.965075543,40.56626753,0,0,0,0,0,0,0
660,-73.945075543,40.56626753,0,0,0,0,0,0,0
661,-73.925075543,40.56626753,0,7,1,1,0,0,0
662,-73.905075543,40.56626753,0,15,1,1,2,0,0
663,-73.885075543,40.56626753,0,2,1,0,0,0,0
664,-73.865075543,40.56626753,0,2,3,1,2,1,0
665,-73.845075543,40.56626753,0,3,3,0,1,0,0
666,-73.825075543,40.56626753,0,0,0,0,0,0,0
667,-73.805075543,40.56626753,0,0,0,0,0,0,0
668,-73.785075543,40.56626753,0,0,0,0,0,0,0
669,-73.765075543,40.56626753,0,0,0,0,0,0,0
670,-73.745075543,40.56626753,0,0,0,0,0,0,0
671,-73.725075543,40.56626753,0,0,0,0,0,0,0
672,-73.705075543,40.56626753,0,0,0,0,0,0,0
673,-74.245075543,40.55126753,0,0,0,0,0,0,0
674,-74.225075543,40.55126753,1,7,19,6,5,1,0
675,-74.205075543,40.55126753,0,4,25,2,2,1,0
676,-74.185075543,40.55126753,1,15,20,3,4,1,0
677,-74.165075543,40.55126753,1,34,41,4,13,3,0
678,-74.145075543,40.55126753,9,28,45,7,4,3,0
679,-74.125075543,40.55126753,2,4,7,3,6,1,0
680,-74.105075543,40.55126753,0,1,2,0,0,0,0
681,-74.085075543,40.55126753,0,0,0,0,0,0,0
682,-74.065075543,40.55126753,0,0,0,0,0,0,0
683,-74.045075543,40.55126753,0,0,0,0,0,0,0
684,-74.025075543,40.55126753,0,0,0,0,0,0,0
685,-74.005075543,40.55126753,0,0,0,0,0,0,0
686,-73.985075543,40.55126753,0,0,0,0,0,0,0
687,-73.965075543,40.55126753,0,0,0,0,0,0,0
688,-73.945075543,40.55126753,0,0,0,0,0,0,0
689,-73.925075543,40.55126753,0,20,0,0,0,0,0
690,-73.905075543,40.55126753,0,4,0,0,0,0,0
691,-73.885075543,40.55126753,0,0,0,0,0,0,0
692,-73.865075543,40.55126753,0,0,0,0,0,0,0
693,-73.845075543,40.55126753,0,0,0,0,0,0,0
694,-73.825075543,40.55126753,0,0,0,0,0,0,0
695,-73.805075543,40.55126753,0,0,0,0,0,0,0
696,-73.785075543,40.55126753,0,0,0,0,0,0,0
697,-73.765075543,40.55126753,0,0,0,0,0,0,0
698,-73.745075543,40.55126753,0,0,0,0,0,0,0
699,-73.725075543,40.55126753,0,0,0,0,0,0,0
700,-73.705075543,40.55126753,0,0,0,0,0,0,0
701,-74.245075543,40.53626753,0,0,3,0,0,1,0
702,-74.225075543,40.53626753,2,8,13,6,4,2,0
703,-74.205075543,40.53626753,2,9,25,4,4,0,0
704,-74.185075543,40.53626753,0,10,16,3,8,1,0
705,-74.165075543,40.53626753,2,12,21,3,3,2,0
706,-74.145075543,40.53626753,1,8,25,4,11,1,0
707,-74.125075543,40.53626753,0,0,0,0,0,0,0
708,-74.105075543,40.53626753,0,0,0,0,0,0,0
709,-74.085075543,40.53626753,0,0,0,0,0,0,0
710,-74.065075543,40.53626753,0,0,0,0,0,0,0
711,-74.045075543,40.53626753,0,0,0,0,0,0,0
712,-74.025075543,40.53626753,0,0,0,0,0,0,0
713,-74.005075543,40.53626753,0,0,0,0,0,0,0
714,-73.985075543,40.53626753,0,0,0,0,0,0,0
715,-73.965075543,40.53626753,0,0,0,0,0,0,0
716,-73.945075543,40.53626753,0,0,0,0,0,0,0
717,-73.925075543,40.53626753,0,0,0,0,0,0,0
718,-73.905075543,40.53626753,0,0,0,0,0,0,0
719,-73.885075543,40.53626753,0,0,0,0,0,0,0
720,-73.865075543,40.53626753,0,0,0,0,0,0,0
721,-73.845075543,40.53626753,0,0,0,0,0,0,0
722,-73.825075543,40.53626753,0,0,0,0,0,0,0
723,-73.805075543,40.53626753,0,0,0,0,0,0,0
724,-73.785075543,40.53626753,0,0,0,0,0,0,0
725,-73.765075543,40.53626753,0,0,0,0,0,0,0
726,-73.745075543,40.53626753,0,0,0,0,0,0,0
727,-73.725075543,40.53626753,0,0,0,0,0,0,0
728,-73.705075543,40.53626753,0,0,0,0,0,0,0
729,-74.245075543,40.52126753,1,7,10,1,2,2,0
730,-74.225075543,40.52126753,2,6,24,3,4,1,0
731,-74.205075543,40.52126753,3,8,16,3,3,3,0
732,-74.185075543,40.52126753,1,3,7,0,6,2,0
733,-74.165075543,40.52126753,0,2,0,0,1,0,0
734,-74.145075543,40.52126753,0,0,0,0,0,0,0
735,-74.125075543,40.52126753,0,0,0,0,0,0,0
736,-74.105075543,40.52126753,0,0,0,0,0,0,0
737,-74.085075543,40.52126753,0,0,0,0,0,0,0
738,-74.065075543,40.52126753,0,0,0,0,0,0,0
739,-74.045075543,40.52126753,0,0,0,0,0,0,0
740,-74.025075543,40.52126753,0,0,0,0,0,0,0
741,-74.005075543,40.52126753,0,0,0,0,0,0,0
742,-73.985075543,40.52126753,0,0,0,0,0,0,0
743,-73.965075543,40.52126753,0,0,0,0,0,0,0
744,-73.945075543,40.52126753,0,0,0,0,0,0,0
745,-73.925075543,40.52126753,0,0,0,0,0,0,0
746,-73.905075543,40.52126753,0,0,0,0,0,0,0
747,-73.885075543,40.52126753,0,0,0,0,0,0,0
748,-73.865075543,40.52126753,0,0,0,0,0,0,0
749,-73.845075543,40.52126753,0,0,0,0,0,0,0
750,-73.825075543,40.52126753,0,0,0,0,0,0,0
751,-73.805075543,40.52126753,0,0,0,0,0,0,0
752,-73.785075543,40.52126753,0,0,0,0,0,0,0
753,-73.765075543,40.52126753,0,0,0,0,0,0,0
754,-73.745075543,40.52126753,0,0,0,0,0,0,0
755,-73.725075543,40.52126753,0,0,0,0,0,0,0
756,-73.705075543,40.52126753,0,0,0,0,0,0,0
757,-74.245075543,40.50626753,3,29,96,7,9,3,0
758,-74.225075543,40.50626753,1,3,6,3,0,2,0
759,-74.205075543,40.50626753,0,1,1,0,0,0,0
760,-74.185075543,40.50626753,0,0,0,0,0,0,0
761,-74.165075543,40.50626753,0,0,0,0,0,0,0
762,-74.145075543,40.50626753,0,0,0,0,0,0,0
763,-74.125075543,40.50626753,0,0,0,0,0,0,0
764,-74.105075543,40.50626753,0,0,0,0,0,0,0
765,-74.085075543,40.50626753,0,0,0,0,0,0,0
766,-74.065075543,40.50626753,0,0,0,0,0,0,0
767,-74.045075543,40.50626753,0,0,0,0,0,0,0
768,-74.025075543,40.50626753,0,0,0,0,0,0,0
769,-74.005075543,40.50626753,0,0,0,0,0,0,0
770,-73.985075543,40.50626753,0,0,0,0,0,0,0
771,-73.965075543,40.50626753,0,0,0,0,0,0,0
772,-73.945075543,40.50626753,0,0,0,0,0,0,0
773,-73.925075543,40.50626753,0,0,0,0,0,0,0
774,-73.905075543,40.50626753,0,0,0,0,0,0,0
775,-73.885075543,40.50626753,0,0,0,0,0,0,0
776,-73.865075543,40.50626753,0,0,0,0,0,0,0
777,-73.845075543,40.50626753,0,0,0,0,0,0,0
778,-73.825075543,40.50626753,0,0,0,0,0,0,0
779,-73.805075543,40.50626753,0,0,0,0,0,0,0
780,-73.785075543,40.50626753,0,0,0,0,0,0,0
781,-73.765075543,40.50626753,0,0,0,0,0,0,0
782,-73.745075543,40.50626753,0,0,0,0,0,0,0
783,-73.725075543,40.50626753,0,0,0,0,0,0,0
784,-73.705075543,40.50626753,0,0,0,0,0,0,0
